<?xml version="1.0" encoding="utf-8" ?>
<dwsync>
<file name="blank.gif" server="ftp.caleidosfoto.com.br" local="129423280610245369" remote="129423351600000000" />
<file name="fancybox-x.png" server="ftp.caleidosfoto.com.br" local="129423280615155650" remote="129423351600000000" />
<file name="fancybox-y.png" server="ftp.caleidosfoto.com.br" local="129423280615465668" remote="129423351600000000" />
<file name="fancybox.png" server="ftp.caleidosfoto.com.br" local="129423280614895635" remote="129423351600000000" />
<file name="fancy_close.png" server="ftp.caleidosfoto.com.br" local="129423280610485383" remote="129423351600000000" />
<file name="fancy_loading.png" server="ftp.caleidosfoto.com.br" local="129423280610735397" remote="129423351600000000" />
<file name="fancy_nav_left.png" server="ftp.caleidosfoto.com.br" local="129423280610985412" remote="129423351600000000" />
<file name="fancy_nav_right.png" server="ftp.caleidosfoto.com.br" local="129423280611255427" remote="129423351600000000" />
<file name="fancy_shadow_e.png" server="ftp.caleidosfoto.com.br" local="129423280611495441" remote="129423351600000000" />
<file name="fancy_shadow_n.png" server="ftp.caleidosfoto.com.br" local="129423280611735455" remote="129423351600000000" />
<file name="fancy_shadow_ne.png" server="ftp.caleidosfoto.com.br" local="129423280611995470" remote="129423351600000000" />
<file name="fancy_shadow_nw.png" server="ftp.caleidosfoto.com.br" local="129423280612245484" remote="129423351600000000" />
<file name="fancy_shadow_s.png" server="ftp.caleidosfoto.com.br" local="129423280612745512" remote="129423351600000000" />
<file name="fancy_shadow_se.png" server="ftp.caleidosfoto.com.br" local="129423280613005527" remote="129423351600000000" />
<file name="fancy_shadow_sw.png" server="ftp.caleidosfoto.com.br" local="129423280613265542" remote="129423351600000000" />
<file name="fancy_shadow_w.png" server="ftp.caleidosfoto.com.br" local="129423280613555559" remote="129423351600000000" />
<file name="fancy_title_left.png" server="ftp.caleidosfoto.com.br" local="129423280613815574" remote="129423351600000000" />
<file name="fancy_title_main.png" server="ftp.caleidosfoto.com.br" local="129423280614075588" remote="129423351600000000" />
<file name="fancy_title_over.png" server="ftp.caleidosfoto.com.br" local="129423280614365605" remote="129423351600000000" />
<file name="fancy_title_right.png" server="ftp.caleidosfoto.com.br" local="129423280614625620" remote="129423352200000000" />
<file name="jquery.easing-1.3.pack.js" server="ftp.caleidosfoto.com.br" local="129423280615895693" remote="129423352200000000" />
<file name="jquery.fancybox-1.3.4.css" server="ftp.caleidosfoto.com.br" local="129423280616565731" remote="129423352200000000" />
<file name="jquery.fancybox-1.3.4.js" server="ftp.caleidosfoto.com.br" local="129423280617125763" remote="129423352200000000" />
<file name="jquery.fancybox-1.3.4.pack.js" server="ftp.caleidosfoto.com.br" local="129423280617645793" remote="129423352200000000" />
<file name="jquery.mousewheel-3.0.4.pack.js" server="ftp.caleidosfoto.com.br" local="129423280617915808" remote="129423352200000000" />
</dwsync>